,name
0,GOPI NON FAT  YOGURT
1,HIMALAYA TULSI RESPIRATORY WELLNESS
2,DEEP POTATOES DICED
3,BIKAJI GUR REWARI
4,BAROODY MAAMOUL DATE FILLED COOKIES
5,CLOROX
6,BURMANS YELLOW MUSTARD
7,BABY GOAT CLEAN HALAL
8,EXQUISITAS BAKERY PEPERECHAS
9,EMAMI FAIR AND HANDSOME
10,BHAVANI MADRAS JAGGERY CUBES
11,GULLON NO SUGAR TWINS CREME
12,ATTICA KALAMATA OLIVES PITTED
13,HEINZ BEANS WITH TOMATO SAUSE
14,COBAN KASAP SUCUGU
15,BANQUET POPCORN CHICKEN
16,KCB PUNJABI VEG BISCUIT
17,KOSKA TAHIN HELVA PISTACHIO
18,COUSCUS
19,HAITHI MANGO
20,AFGANI FIG
21,ELEGANT PEELER
22,GOAT LIVER
23,BLACK CURRANT
24,KANGNA HERBAL HENNA
25,BARILLA THIN SPAGHETTI
26,FUJI APPLE
27,GRAPE SEED OIL
28,KOSKA TAHIN HELVA SADE PLAIN
29,DETTOL ANTI BAKTERI COOL SOAP
30,CASTELLA ALL SPICED GROUND
31,LUCKY COOKED SHRIMP TAIL 71/90
32,ASHOKA LOTUS ROOTS
33,ACTIONWARE MENDU WADA MAKER
34,BOBORIS MARINATES ARTICHOKE
35,EBM NAN KHATAI
36,BAJAJ ALMOND DROPS
37,BLACK GRAPES
38,JASHAN PUNJABI WADI
39,COLGATE CAVITY PROTECTION
40,KOLSON COLOR VERMICELLI
41,COCONUT
42,7 FISHES RAW SHRIMP 41 50
43,HIMALAYA ALMOND ROSE SOAP
44,JUMBO MEZBAN PUNJABI SAMOSA
45,AJAX
46,CHINGS MIX VEG SOUP
47,DABUR KEORA WATER
48,KARA COCONUT WATER MANGO
49,ELITE PREMIUM CHERRY NUT CAKE
50,FARMLAND ORGANIC WHOLE MILK
51,AHMED KEWRA WATER
52,CADBURY CRUNCHIE
53,ACHVA HALVA MINI SNACK BAG
54,DEEP HIMEJ WHOLE
55,JIYA JAGGERY POWDER
56,DEEP CHANA DAL
57,CHANDAN BERRY FANTASY
58,GILLETTE 7 O CLOCK BLADES HOLDER
59,DEER GUR JAGGERY  002054
60,ETI ADICTO BROWNI INTENSE
61,CHICKEN BREAST CUBES
62,FAZLANI RED KIDNEY BEANS BASMATI
63,CANDYLAND PUFFS HALAL MARSHMALLOWS
64,FARMHOUSE ORGANIC EGGS
65,ANAND KHICHIYA GREEN CHILLY
66,GANGAJAL
67,HIMALAYAN DELIGHT KOKAM WET
68,CILANTRO
69,CINTHOL LIME SOAP
70,GREEN GRAPES
71,BYRNE DAIRY HEAVY CREAM
72,HACI SAKIR BATH SOAP LAVANDER
73,EXOTIC CUSTARD APPLE POWDER
74,BOTANY APPLE FRUIT TEA
75,BOBS RED MILL ORG EXT THICK ROLLED OATS
76,AMERICAN BEE POLLEN
77,HEMANI CASTOR OIL
78,APPALAM PAPAD BLUE
79,BRADS ORGANIC BALSAMIC VINEGAR
80,DOMINO DARK BROWN SUGAR
81,CAPPADOCIA XTRA VIRGIN OLIVE OIL
82,BANSI PAAPRI CHAAT KIT
83,CAROLINA WHITE LONG RICE
84,BEDESSEE FOUR COW EVA MILK
85,BIKAJI POTLI SAMOSA
86,CASTELLA RED PEPPER CRUSHED
87,ANAND BHEL SEV
88,777 PULIYODHARAI PASTE
89,BAKE PARLOR VERMICILLI
90,KFI TAMARIND DATE SAUCE HOT
91,AYUR RAJASTHANI HENNA
92,BRU INSTANT COFFEE
93,AJAX BLEACH DISH WASH
94,ABALI CUCUMBER YOGURT
95,HORIZON ORGANIC LOWFAT MILK
96,BARAKA TURKEY BACON
97,HYLEYS 7 NATURAL TASTE TEA BAGS 25
98,AHMED MIXED FRUIT JELLY
99,ALEPPO SESAME PASTE TAHINI
100,GRB RASOGOLLA
